Text,Language
"bisby fa roskov yr orrell tm nicolson d paglinawan le bailly n kirk pm bourgoin t baillargeon g ouvrard d red  ""species   itis catalogue of life  annual checklist"" species  reading uk diakses pada  september ",Indonesian
inlandsklimat råder i trakten årsmedeltemperaturen i trakten är  °c den varmaste månaden är augusti då medeltemperaturen är  °c och den kallaste är februari med - °c,Swedish
تاثيرات ئي پنسلينونه ورته دي داسيدو په مقابل کى مقاوم دي او دخولى دلاري ښه جذبيږي په خالى ګيډه په خاصه توګه غوښه خوړونکو حيواناتو ته ورکول جذب ئي بهتره دي  دacred او دهغه دهمکارانو په واسطه چه کومه تجربه په موږکانو باندي په کال  کى ترسره شوي وو ښکاره کوي چه amoxacilline نسبت ampicilline ته په ګرام منفى باسيلونو باندي زيات تاثير لري  ampiclox - دغه دوا په شيدوخوړونکو حيواناتو کى دecoli په انتاناتو کى ترينه استفاده کيږي او همدارنګه mg ampicilline او mg cloxacilline په مخلوطى شکل دنباتى تيلو سره يوځاي او شيدوخوړونکو حيواناتو دتيونو په التهاباتو کى ترينه استفاده کوي ,Pushto
"bisby fa roskov yr orrell tm nicolson d paglinawan le bailly n kirk pm bourgoin t baillargeon g ouvrard d red  ""species   itis catalogue of life  annual checklist"" species  reading uk diakses pada  september ",Indonesian
aastakümned  aastad  aastad  aastad  aastad  aastad -  aastad -  aastad  aastad  aastad  aastad  aastad,Estonian
haec commentatio automatice praeparata res astronomicas colligit excerptas e pagina [] sitús small-body database quem elaboraverunt nasa et jpl apud institutum technologiae californiense,Latin
haec commentatio automatice praeparata res astronomicas colligit excerptas e pagina [] sitús small-body database quem elaboraverunt nasa et jpl apud institutum technologiae californiense,Latin
இக்கோயில் முதன்மைத் திருக்கோயில் என்ற வகைப்பாட்டில் இந்து அறநிலையத்துறையின் கட்டுப்பாட்டில் உள்ளது பரம்பரை அல்லாத அறங்காவலர் அமைப்பால் நிர்வகிக்கப்படுகிறது,Tamil
haec commentatio automatice praeparata res astronomicas colligit excerptas e pagina [] sitús small-body database quem elaboraverunt nasa et jpl apud institutum technologiae californiense,Latin
"bisby fa roskov yr orrell tm nicolson d paglinawan le bailly n kirk pm bourgoin t baillargeon g ouvrard d red  ""species   itis catalogue of life  annual checklist"" species  reading uk diakses pada  september ",Indonesian
उपरोक्त अन्तर के आधार पर  ईसा पूर्व के अनुसार विक्रमी संवत सप्तर्षि संवत कलियुग संवत और प्राचीन सप्तर्षि आदि में वर्ष आदि निकाले जा सकते है।,Hindi
обеспечение совместно со структурными подразделениями комиссии органами государственной власти государств-членов консультативными органами общественными объединениями и иными организациями формирования и проведения скоординированной согласованной или единой политики по вопросам отнесенным к компетенции департамента,Russian
haec commentatio automatice praeparata res astronomicas colligit excerptas e pagina [] sitús small-body database quem elaboraverunt nasa et jpl apud institutum technologiae californiense,Latin
haec commentatio automatice praeparata res astronomicas colligit excerptas e pagina [] sitús small-body database quem elaboraverunt nasa et jpl apud institutum technologiae californiense,Latin
bij de volkstelling in  werd het aantal inwoners vastgesteld op  in  is het aantal inwoners door het united states census bureau geschat op  een stijging van  ,Dutch
இக்கோயில் முதன்மைத் திருக்கோயில் என்ற வகைப்பாட்டில் இந்து அறநிலையத்துறையின் கட்டுப்பாட்டில் உள்ளது பரம்பரை அல்லாத அறங்காவலர் அமைப்பால் நிர்வகிக்கப்படுகிறது,Tamil
 ईसा पूर्व ईसा मसीह के जन्म से पूर्व के वर्षों को दर्शाता है। ईसा के जन्म को अधार मानकर उसके जन्म से  ईसा पूर्व या वर्ष पूर्व के वर्ष को इस प्रकार प्रदर्शित किया जाता है। यह जूलियन कलेण्डर पर अधारित एक सामूहिक वर्ष माना जाता है। अधिकांश विश्व में इसी पद्धति के आधार पर पुराने वर्षों की गणना की जाती है। भारत में इसके अलावा कई पंचाग प्रसिद्ध है जैसे विक्रम संवत जो ईसा के जन्म से  या  वर्ष पूर्व शुरु होती है। इसके अलावा शक संवत भी प्रसिद्ध है। शक संवत भारत का प्राचीन संवत है जो ईसा के जन्म के  वर्ष बाद से आरम्भ होता है। शक संवत भारत का राष्ट्रीय कैलेंडर है।,Hindi
haec commentatio automatice praeparata res astronomicas colligit excerptas e pagina [] sitús small-body database quem elaboraverunt nasa et jpl apud institutum technologiae californiense,Latin
savannklimat råder i trakten årsmedeltemperaturen i trakten är  °c den varmaste månaden är oktober då medeltemperaturen är  °c och den kallaste är juni med  °c genomsnittlig årsnederbörd är   millimeter den regnigaste månaden är januari med i genomsnitt  mm nederbörd och den torraste är september med  mm nederbörd,Swedish
haec commentatio automatice praeparata res astronomicas colligit excerptas e pagina [] sitús small-body database quem elaboraverunt nasa et jpl apud institutum technologiae californiense,Latin
haec commentatio automatice praeparata res astronomicas colligit excerptas e pagina [] sitús small-body database quem elaboraverunt nasa et jpl apud institutum technologiae californiense,Latin
haec commentatio automatice praeparata res astronomicas colligit excerptas e pagina [] sitús small-body database quem elaboraverunt nasa et jpl apud institutum technologiae californiense,Latin
"bisby fa roskov yr orrell tm nicolson d paglinawan le bailly n kirk pm bourgoin t baillargeon g ouvrard d red  ""species   itis catalogue of life  annual checklist"" species  reading uk diakses pada  september ",Indonesian
inlandsklimat råder i trakten årsmedeltemperaturen i trakten är  °c den varmaste månaden är augusti då medeltemperaturen är  °c och den kallaste är februari med - °c,Swedish
دپنسلين واحد - هغه کنفرانس چه په کال  م کى په لندن کى ترسره شوه دپنسلين لپاره ئى يو بين المللى واحد تعين کړ ددي کار لپاره دcrystal pencilline g مالگه ترڅيړنى لاندي ونيول شوه  ددغى مالگي يو يونټ ئى mgr سره معادله وشميره نو پدي اساس mg sodium pencillin g pure   iu mg potassium pencillin g pure   iu,Pushto
haec commentatio automatice praeparata res astronomicas colligit excerptas e pagina [] sitús small-body database quem elaboraverunt nasa et jpl apud institutum technologiae californiense,Latin
இக்கோயில் முதன்மைத் திருக்கோயில் என்ற வகைப்பாட்டில் இந்து அறநிலையத்துறையின் கட்டுப்பாட்டில் உள்ளது பரம்பரை அல்லாத அறங்காவலர் அமைப்பால் நிர்வகிக்கப்படுகிறது,Tamil
complete translation on-line into english of all  upaniṣad-s [not only the  or so major ones to which the foregoing links are meagerly restricted]-- lacking however diacritical marks,Hindi
seperti asteroid secara keseluruhan asteroid ini terbentuk dari nebula matahari primordial sebagai pecahan planetisimal sesuatu di nebula matahari muda yang tidak cukup besar untuk berubah menjadi planet,Indonesian
lévolution du nombre dhabitants est connue à travers les recensements de la population effectués dans la commune depuis  à partir de  les populations légales des communes sont publiées annuellement par linsee le recensement repose désormais sur une collecte dinformation annuelle concernant successivement tous les territoires communaux au cours dune période de cinq ans pour les communes de moins de   habitants une enquête de recensement portant sur toute la population est réalisée tous les cinq ans les populations légales des années intermédiaires étant quant à elles estimées par interpolation ou extrapolation pour la commune le premier recensement exhaustif entrant dans le cadre du nouveau dispositif a été réalisé en ,French
شیخ دوست محمد چې په یوه دینداره کورنۍ کې زیږیدلی وو د  کلونو په عمر وو  چې له خپل پلار څخه یې دیني زده کړې پیل کړې څرنگه چې شهیدشيخ صاحب له کوچنیوالي ډېر ذکی او ذهين وو پلار يې غوښتل چې په خپل زوی باندې ديني علوم ووايي نو ځکه یې د  کانتوا  سیمې له یوه عالم مولانا اختر محمد سره پاکستان ته واستاوو شيخ صاحب له نوموړي عالم سره کابو څلور کاله په قبایلي سیمه باجوړ کې تېر کړل هلته يې ورڅخه د فقهې ابتدايي کتابونه او عصري علوم ولوستل او پاتې لومړنۍ منځنۍ او لوړې زده کړې يې په نورو مختلفو مدرسو کې له جيدو ديني عالمانو څخه تر لاسه کړې د احاديثو کتابونه صحاح سته  يې د   هجري قمري  کال کې د پاکستان دخيبر پښتونخوا ایالت په مشهوره ديني اداره  دار العلوم نعمانيه  چارسده کې د وخت د لوی محدث مولانا سميع الحق  رحمه الله څخه ولوستل په نهایي ازموينه کې يې بريالی او ممتاز سندتر لاسه کړ او د فضيلت دستار يې په نوموړې مدرسه کې ترسر کړ ,Pushto
"bisby fa roskov yr orrell tm nicolson d paglinawan le bailly n kirk pm bourgoin t baillargeon g ouvrard d red  ""species   itis catalogue of life  annual checklist"" species  reading uk diakses pada  september ",Indonesian
larva kumbang dalam genus ini biasanya mengebor ke dalam kayu dan dapat menyebabkan kerusakan pada batang kayu hidup atau kayu yang telah ditebang,Indonesian
les matchs se déroulent sur le terrain du premier club cité en cas de match nul les deux équipes sont départagées au nombre de coups de pied de coin obtenus puis par tirage au sort à la pièce jetée,French
bisby fa roskov yr orrell tm nicolson d paglinawan le bailly n kirk pm bourgoin t baillargeon g ouvrard d red  species   itis catalogue of life  annual checklist species  reading uk diakses pada  september ,Indonesian
moyle p y j cech fishes an introduction to ichthyology a edición upper saddle river nueva jersey estados unidos prentice-hall año ,Spanish
segundo o censo americano de  a sua população era de  habitantes em  foi estimada uma população de  um decréscimo de  -,Portugese
bij de volkstelling in  werd het aantal inwoners vastgesteld op  in  is het aantal inwoners door het united states census bureau geschat op  een stijging van  ,Dutch
kebanyakan anggota spesies ini bertelur dalam jaringan tanaman tempat larva menemukan makanan pertamanya setelah lahir lalat dewasa biasanya berumur sangat pendek beberapa hidup selama kurang dari seminggu,Indonesian
seperti asteroid pada umumnya asteroid ini terbentuk dari nebula matahari primordial sebagai pecahan planetisimal sesuatu di nebula matahari muda yang tidak cukup besar untuk berubah menjadi planet,Indonesian
haec commentatio automatice praeparata res astronomicas colligit excerptas e pagina [] sitús small-body database quem elaboraverunt nasa et jpl apud institutum technologiae californiense,Latin
moyle p y j cech fishes an introduction to ichthyology a edición upper saddle river nueva jersey estados unidos prentice-hall año ,Spanish
haec commentatio automatice praeparata res astronomicas colligit excerptas e pagina [] sitús small-body database quem elaboraverunt nasa et jpl apud institutum technologiae californiense,Latin
haec commentatio automatice praeparata res astronomicas colligit excerptas e pagina [] sitús small-body database quem elaboraverunt nasa et jpl apud institutum technologiae californiense,Latin
haec commentatio automatice praeparata res astronomicas colligit excerptas e pagina [] sitús small-body database quem elaboraverunt nasa et jpl apud institutum technologiae californiense,Latin
இக்கோயில் தொகுப்புக் கோயில் என்ற வகைப்பாட்டில் இந்து அறநிலையத்துறையின் கட்டுப்பாட்டில் உள்ளது பரம்பரை அல்லாத அறங்காவலர் அமைப்பால் நிர்வகிக்கப்படுகிறது,Tamil
haec commentatio automatice praeparata res astronomicas colligit excerptas e pagina [] sitús small-body database quem elaboraverunt nasa et jpl apud institutum technologiae californiense,Latin
lévolution du nombre dhabitants est connue à travers les recensements de la population effectués dans la commune depuis  à partir de  les populations légales des communes sont publiées annuellement par linsee le recensement repose désormais sur une collecte dinformation annuelle concernant successivement tous les territoires communaux au cours dune période de cinq ans pour les communes de moins de   habitants une enquête de recensement portant sur toute la population est réalisée tous les cinq ans les populations légales des années intermédiaires étant quant à elles estimées par interpolation ou extrapolation pour la commune le premier recensement exhaustif entrant dans le cadre du nouveau dispositif a été réalisé en ,French
دالکول الکحل alcohol توری په اصل کي له عربي ژبې څخه اخیستل شویدی اوپه عربي ژبه کي درانجووکاڼی اویاهم ومیده رانجوته ویل کيږي چې داتوری دشرابولپاره د میلادی کال راهیسی استعمالیږي اواوس وهغه څښاک ته استعمالیږی چې دالکولودخاندان څخه یوالکول پکښې وی دبېلګې په ډول سره ایتانول چې دانشه هم لری,Pushto
haec commentatio automatice praeparata res astronomicas colligit excerptas e pagina [] sitús small-body database quem elaboraverunt nasa et jpl apud institutum technologiae californiense,Latin
شیخ دوست محمد چې په یوه دینداره کورنۍ کې زیږیدلی وو د  کلونو په عمر وو  چې له خپل پلار څخه یې دیني زده کړې پیل کړې څرنگه چې شهیدشيخ صاحب له کوچنیوالي ډېر ذکی او ذهين وو پلار يې غوښتل چې په خپل زوی باندې ديني علوم ووايي نو ځکه یې د  کانتوا  سیمې له یوه عالم مولانا اختر محمد سره پاکستان ته واستاوو شيخ صاحب له نوموړي عالم سره کابو څلور کاله په قبایلي سیمه باجوړ کې تېر کړل هلته يې ورڅخه د فقهې ابتدايي کتابونه او عصري علوم ولوستل او پاتې لومړنۍ منځنۍ او لوړې زده کړې يې په نورو مختلفو مدرسو کې له جيدو ديني عالمانو څخه تر لاسه کړې د احاديثو کتابونه صحاح سته  يې د   هجري قمري  کال کې د پاکستان دخيبر پښتونخوا ایالت په مشهوره ديني اداره  دار العلوم نعمانيه  چارسده کې د وخت د لوی محدث مولانا سميع الحق  رحمه الله څخه ولوستل په نهایي ازموينه کې يې بريالی او ممتاز سندتر لاسه کړ او د فضيلت دستار يې په نوموړې مدرسه کې ترسر کړ ,Pushto
 ईसा पूर्व ईसा मसीह के जन्म से पूर्व के वर्षों को दर्शाता है। ईसा के जन्म को अधार मानकर उसके जन्म से  ईसा पूर्व या वर्ष पूर्व के वर्ष को इस प्रकार प्रदर्शित किया जाता है। यह जूलियन कलेण्डर पर अधारित एक सामूहिक वर्ष माना जाता है। अधिकांश विश्व में इसी पद्धति के आधार पर पुराने वर्षों की गणना की जाती है। भारत में इसके अलावा कई पंचाग प्रसिद्ध है जैसे विक्रम संवत जो ईसा के जन्म से  या  वर्ष पूर्व शुरु होती है। इसके अलावा शक संवत भी प्रसिद्ध है। शक संवत भारत का प्राचीन संवत है जो ईसा के जन्म के  वर्ष बाद से आरम्भ होता है। शक संवत भारत का राष्ट्रीय कैलेंडर है।,Hindi
aastakümned  aastad  aastad  aastad  aastad  aastad -  aastad -  aastad  aastad  aastad  aastad  aastad,Estonian
دالکول الکحل alcohol توری په اصل کي له عربي ژبې څخه اخیستل شویدی اوپه عربي ژبه کي درانجووکاڼی اویاهم ومیده رانجوته ویل کيږي چې داتوری دشرابولپاره د میلادی کال راهیسی استعمالیږي اواوس وهغه څښاک ته استعمالیږی چې دالکولودخاندان څخه یوالکول پکښې وی دبېلګې په ډول سره ایتانول چې دانشه هم لری,Pushto
segundo o censo norte-americano de  a sua população era de  habitantes em  foi estimada uma população de  um decréscimo de  -,Portugese
medelhavsklimat råder i trakten årsmedeltemperaturen i trakten är  °c den varmaste månaden är juli då medeltemperaturen är  °c och den kallaste är januari med  °c genomsnittlig årsnederbörd är  millimeter den regnigaste månaden är november med i genomsnitt  mm nederbörd och den torraste är juli med  mm nederbörd,Swedish
bij de volkstelling in  werd het aantal inwoners vastgesteld op  in  is het aantal inwoners door het united states census bureau geschat op  een stijging van  ,Dutch
haec commentatio automatice praeparata res astronomicas colligit excerptas e pagina [] sitús small-body database quem elaboraverunt nasa et jpl apud institutum technologiae californiense,Latin
 ईसा पूर्व ईसा मसीह के जन्म से पूर्व के वर्षों को दर्शाता है। ईसा के जन्म को अधार मानकर उसके जन्म से  ईसा पूर्व या वर्ष पूर्व के वर्ष को इस प्रकार प्रदर्शित किया जाता है। यह जूलियन कलेण्डर पर अधारित एक सामूहिक वर्ष माना जाता है। अधिकांश विश्व में इसी पद्धति के आधार पर पुराने वर्षों की गणना की जाती है। भारत में इसके अलावा कई पंचाग प्रसिद्ध है जैसे विक्रम संवत जो ईसा के जन्म से  या  वर्ष पूर्व शुरु होती है। इसके अलावा शक संवत भी प्रसिद्ध है। शक संवत भारत का प्राचीन संवत है जो ईसा के जन्म के  वर्ष बाद से आरम्भ होता है। शक संवत भारत का राष्ट्रीय कैलेंडर है।,Hindi
 ईसा पूर्व ईसा मसीह के जन्म से पूर्व के वर्षों को दर्शाता है। ईसा के जन्म को अधार मानकर उसके जन्म से  ईसा पूर्व या वर्ष पूर्व के वर्ष को इस प्रकार प्रदर्शित किया जाता है। यह जूलियन कलेण्डर पर अधारित एक सामूहिक वर्ष माना जाता है। अधिकांश विश्व में इसी पद्धति के आधार पर पुराने वर्षों की गणना की जाती है। भारत में इसके अलावा कई पंचाग प्रसिद्ध है जैसे विक्रम संवत जो ईसा के जन्म से  या  वर्ष पूर्व शुरु होती है। इसके अलावा शक संवत भी प्रसिद्ध है। शक संवत भारत का प्राचीन संवत है जो ईसा के जन्म के  वर्ष बाद से आरम्भ होता है। शक संवत भारत का राष्ट्रीय कैलेंडर है।,Hindi
bisby fa roskov yr orrell tm nicolson d paglinawan le bailly n kirk pm bourgoin t baillargeon g ouvrard d red  species   itis catalogue of life  annual checklist species  reading uk diakses pada  september ,Indonesian
savannklimat råder i trakten årsmedeltemperaturen i trakten är  °c den varmaste månaden är oktober då medeltemperaturen är  °c och den kallaste är januari med  °c genomsnittlig årsnederbörd är   millimeter den regnigaste månaden är januari med i genomsnitt  mm nederbörd och den torraste är september med  mm nederbörd,Swedish
lévolution du nombre dhabitants est connue à travers les recensements de la population effectués dans la commune depuis  à partir de  les populations légales des communes sont publiées annuellement par linsee le recensement repose désormais sur une collecte dinformation annuelle concernant successivement tous les territoires communaux au cours dune période de cinq ans pour les communes de moins de   habitants une enquête de recensement portant sur toute la population est réalisée tous les cinq ans les populations légales des années intermédiaires étant quant à elles estimées par interpolation ou extrapolation pour la commune le premier recensement exhaustif entrant dans le cadre du nouveau dispositif a été réalisé en ,French
haec commentatio automatice praeparata res astronomicas colligit excerptas e pagina [] sitús small-body database quem elaboraverunt nasa et jpl apud institutum technologiae californiense,Latin
savannklimat råder i trakten årsmedeltemperaturen i trakten är  °c den varmaste månaden är oktober då medeltemperaturen är  °c och den kallaste är januari med  °c genomsnittlig årsnederbörd är   millimeter den regnigaste månaden är januari med i genomsnitt  mm nederbörd och den torraste är september med  mm nederbörd,Swedish
ett kallt stäppklimat råder i trakten årsmedeltemperaturen i trakten är  °c den varmaste månaden är juli då medeltemperaturen är  °c och den kallaste är december med  °c genomsnittlig årsnederbörd är  millimeter den regnigaste månaden är november med i genomsnitt  mm nederbörd och den torraste är juli med  mm nederbörd,Swedish
haec commentatio automatice praeparata res astronomicas colligit excerptas e pagina [] sitús small-body database quem elaboraverunt nasa et jpl apud institutum technologiae californiense,Latin
இக்கோயில் முதன்மைத் திருக்கோயில் என்ற வகைப்பாட்டில் இந்து அறநிலையத்துறையின் கட்டுப்பாட்டில் உள்ளது பரம்பரை அல்லாத அறங்காவலர் அமைப்பால் நிர்வகிக்கப்படுகிறது,Tamil
moyle p y j cech fishes an introduction to ichthyology a edición upper saddle river nueva jersey estados unidos prentice-hall año ,Spanish
"இவ்வூர் கடல்மட்டத்தில் இருந்து சராசரியாக  மீட்டர் உயரத்தில் இருக்கிறது இவ்வூரின் அமைவிடம் °""n °""eஆகும் இங்கு  குடும்பங்களும்  மக்களும் வசிக்கின்றனர் இதில்  ஆண்களும்  பெண்களும் அடங்குவர்",Tamil
இக்கோயில் முதன்மைத் திருக்கோயில் என்ற வகைப்பாட்டில் இந்து அறநிலையத்துறையின் கட்டுப்பாட்டில் உள்ளது பரம்பரை அல்லாத அறங்காவலர் அமைப்பால் நிர்வகிக்கப்படுகிறது,Tamil
இக்கோயில் முதன்மைத் திருக்கோயில் என்ற வகைப்பாட்டில் இந்து அறநிலையத்துறையின் கட்டுப்பாட்டில் உள்ளது பரம்பரை அல்லாத அறங்காவலர் அமைப்பால் நிர்வகிக்கப்படுகிறது,Tamil
seperti asteroid pada umumnya asteroid ini terbentuk dari nebula matahari primordial sebagai pecahan planetisimal sesuatu di nebula matahari muda yang tidak cukup besar untuk berubah menjadi planet,Indonesian
medelhavsklimat råder i trakten årsmedeltemperaturen i trakten är  °c den varmaste månaden är juli då medeltemperaturen är  °c och den kallaste är januari med  °c genomsnittlig årsnederbörd är  millimeter den regnigaste månaden är november med i genomsnitt  mm nederbörd och den torraste är juli med  mm nederbörd,Swedish
उपरोक्त अन्तर के आधार पर  ईसा पूर्व के अनुसार विक्रमी संवत सप्तर्षि संवत कलियुग संवत और प्राचीन सप्तर्षि आदि में वर्ष आदि निकाले जा सकते है।,Hindi
haec commentatio automatice praeparata res astronomicas colligit excerptas e pagina [] sitús small-body database quem elaboraverunt nasa et jpl apud institutum technologiae californiense,Latin
обеспечение совместно со структурными подразделениями комиссии органами государственной власти государств-членов консультативными органами общественными объединениями и иными организациями формирования и проведения скоординированной согласованной или единой политики по вопросам отнесенным к компетенции департамента,Russian
haec commentatio automatice praeparata res astronomicas colligit excerptas e pagina [] sitús small-body database quem elaboraverunt nasa et jpl apud institutum technologiae californiense,Latin
haec commentatio automatice praeparata res astronomicas colligit excerptas e pagina [] sitús small-body database quem elaboraverunt nasa et jpl apud institutum technologiae californiense,Latin
haec commentatio automatice praeparata res astronomicas colligit excerptas e pagina [] sitús small-body database quem elaboraverunt nasa et jpl apud institutum technologiae californiense,Latin
இக்கோயில் தொகுப்புக் கோயில் என்ற வகைப்பாட்டில் இந்து அறநிலையத்துறையின் கட்டுப்பாட்டில் உள்ளது பரம்பரை அல்லாத அறங்காவலர் அமைப்பால் நிர்வகிக்கப்படுகிறது,Tamil
இக்கோயில் முதன்மைத் திருக்கோயில் என்ற வகைப்பாட்டில் இந்து அறநிலையத்துறையின் கட்டுப்பாட்டில் உள்ளது பரம்பரை அல்லாத அறங்காவலர் அமைப்பால் நிர்வகிக்கப்படுகிறது,Tamil
les matchs se déroulent sur le terrain du premier club cité en cas de match nul les deux équipes sont départagées au nombre de coups de pied de coin obtenus puis par tirage au sort à la pièce jetée,French
les matchs se déroulent sur le terrain du premier club cité en cas de match nul les deux équipes sont départagées au nombre de coups de pied de coin obtenus puis par tirage au sort à la pièce jetée,French
seperti asteroid pada umumnya asteroid ini terbentuk dari nebula matahari primordial sebagai pecahan planetisimal sesuatu di nebula matahari muda yang tidak cukup besar untuk berubah menjadi planet,Indonesian
seperti asteroid pada umumnya asteroid ini terbentuk dari nebula matahari primordial sebagai pecahan planetisimal sesuatu di nebula matahari muda yang tidak cukup besar untuk berubah menjadi planet,Indonesian
இக்கோயில் முதன்மைத் திருக்கோயில் என்ற வகைப்பாட்டில் இந்து அறநிலையத்துறையின் கட்டுப்பாட்டில் உள்ளது பரம்பரை அல்லாத அறங்காவலர் அமைப்பால் நிர்வகிக்கப்படுகிறது,Tamil
"bisby fa roskov yr orrell tm nicolson d paglinawan le bailly n kirk pm bourgoin t baillargeon g ouvrard d red  ""species   itis catalogue of life  annual checklist"" species  reading uk diakses pada  september ",Indonesian
haec commentatio automatice praeparata res astronomicas colligit excerptas e pagina [] sitús small-body database quem elaboraverunt nasa et jpl apud institutum technologiae californiense,Latin
haec commentatio automatice praeparata res astronomicas colligit excerptas e pagina [] sitús small-body database quem elaboraverunt nasa et jpl apud institutum technologiae californiense,Latin
moyle p y j cech fishes an introduction to ichthyology a edición upper saddle river nueva jersey estados unidos prentice-hall año ,Spanish
haec commentatio automatice praeparata res astronomicas colligit excerptas e pagina [] sitús small-body database quem elaboraverunt nasa et jpl apud institutum technologiae californiense,Latin
haec commentatio automatice praeparata res astronomicas colligit excerptas e pagina [] sitús small-body database quem elaboraverunt nasa et jpl apud institutum technologiae californiense,Latin
haec commentatio automatice praeparata res astronomicas colligit excerptas e pagina [] sitús small-body database quem elaboraverunt nasa et jpl apud institutum technologiae californiense,Latin
savannklimat råder i trakten årsmedeltemperaturen i trakten är  °c den varmaste månaden är oktober då medeltemperaturen är  °c och den kallaste är juni med  °c genomsnittlig årsnederbörd är   millimeter den regnigaste månaden är januari med i genomsnitt  mm nederbörd och den torraste är september med  mm nederbörd,Swedish
"bisby fa roskov yr orrell tm nicolson d paglinawan le bailly n kirk pm bourgoin t baillargeon g ouvrard d red  ""species   itis catalogue of life  annual checklist"" species  reading uk diakses pada  september ",Indonesian
இக்கோயில் முதன்மைத் திருக்கோயில் என்ற வகைப்பாட்டில் இந்து அறநிலையத்துறையின் கட்டுப்பாட்டில் உள்ளது பரம்பரை அல்லாத அறங்காவலர் அமைப்பால் நிர்வகிக்கப்படுகிறது,Tamil
kebanyakan anggota spesies ini bertelur dalam jaringan tanaman tempat larva menemukan makanan pertamanya setelah lahir lalat dewasa biasanya berumur sangat pendek beberapa hidup selama kurang dari seminggu,Indonesian
- tetracyclines - pencillines cltetracycline ampicillne oxy tetracycline amoxacilline tetracycline adi cilline rali tetracycline heta cilline doxy tetracycline carbinicilline mino cycline epicilline de miclo cycline naf cilline lyme cycline oxa cilline uomo cycline - chloramphenicol meta cycline - gentamycine di methylin - kanamycine chlor tetracycline - cycloserine,Pushto
دپنسلين واحد - هغه کنفرانس چه په کال  م کى په لندن کى ترسره شوه دپنسلين لپاره ئى يو بين المللى واحد تعين کړ ددي کار لپاره دcrystal pencilline g مالگه ترڅيړنى لاندي ونيول شوه  ددغى مالگي يو يونټ ئى mgr سره معادله وشميره نو پدي اساس mg sodium pencillin g pure   iu mg potassium pencillin g pure   iu,Pushto
उपरोक्त अन्तर के आधार पर  ईसा पूर्व के अनुसार विक्रमी संवत सप्तर्षि संवत कलियुग संवत और प्राचीन सप्तर्षि आदि में वर्ष आदि निकाले जा सकते है।,Hindi
उपरोक्त अन्तर के आधार पर  ईसा पूर्व के अनुसार विक्रमी संवत सप्तर्षि संवत कलियुग संवत और प्राचीन सप्तर्षि आदि में वर्ष आदि निकाले जा सकते है।,Hindi
seperti asteroid pada umumnya asteroid ini terbentuk dari nebula matahari primordial sebagai pecahan planetisimal sesuatu di nebula matahari muda yang tidak cukup besar untuk berubah menjadi planet,Indonesian
 ईसा पूर्व ईसा मसीह के जन्म से पूर्व के वर्षों को दर्शाता है। ईसा के जन्म को अधार मानकर उसके जन्म से  ईसा पूर्व या वर्ष पूर्व के वर्ष को इस प्रकार प्रदर्शित किया जाता है। यह जूलियन कलेण्डर पर अधारित एक सामूहिक वर्ष माना जाता है। अधिकांश विश्व में इसी पद्धति के आधार पर पुराने वर्षों की गणना की जाती है। भारत में इसके अलावा कई पंचाग प्रसिद्ध है जैसे विक्रम संवत जो ईसा के जन्म से  या  वर्ष पूर्व शुरु होती है। इसके अलावा शक संवत भी प्रसिद्ध है। शक संवत भारत का प्राचीन संवत है जो ईसा के जन्म के  वर्ष बाद से आरम्भ होता है। शक संवत भारत का राष्ट्रीय कैलेंडर है।,Hindi
இக்கோயில் முதன்மைத் திருக்கோயில் என்ற வகைப்பாட்டில் இந்து அறநிலையத்துறையின் கட்டுப்பாட்டில் உள்ளது பரம்பரை அல்லாத அறங்காவலர் அமைப்பால் நிர்வகிக்கப்படுகிறது,Tamil
 ईसा पूर्व ईसा मसीह के जन्म से पूर्व के वर्षों को दर्शाता है। ईसा के जन्म को अधार मानकर उसके जन्म से  ईसा पूर्व या वर्ष पूर्व के वर्ष को इस प्रकार प्रदर्शित किया जाता है। यह जूलियन कलेण्डर पर अधारित एक सामूहिक वर्ष माना जाता है। अधिकांश विश्व में इसी पद्धति के आधार पर पुराने वर्षों की गणना की जाती है। भारत में इसके अलावा कई पंचाग प्रसिद्ध है जैसे विक्रम संवत जो ईसा के जन्म से  या  वर्ष पूर्व शुरु होती है। इसके अलावा शक संवत भी प्रसिद्ध है। शक संवत भारत का प्राचीन संवत है जो ईसा के जन्म के  वर्ष बाद से आरम्भ होता है। शक संवत भारत का राष्ट्रीय कैलेंडर है।,Hindi
bij de volkstelling in  werd het aantal inwoners vastgesteld op  in  is het aantal inwoners door het united states census bureau geschat op  een stijging van  ,Dutch
"bisby fa roskov yr orrell tm nicolson d paglinawan le bailly n kirk pm bourgoin t baillargeon g ouvrard d red  ""species   itis catalogue of life  annual checklist"" species  reading uk diakses pada  september ",Indonesian
उपरोक्त अन्तर के आधार पर  ईसा पूर्व के अनुसार विक्रमी संवत सप्तर्षि संवत कलियुग संवत और प्राचीन सप्तर्षि आदि में वर्ष आदि निकाले जा सकते है।,Hindi
د ځنگلونو د میوو تر څنگ د گیانې په ولسوالي کې مڼې  مندتې زردالو شفتالو  بادام  الوچې چارمغز  توت او انگور هم پیدا کیږي د گیانخیلو قوم یو پښتون غیرتي او میلماپاله قوم دی ولې بدبختانه د معارف په برخه کې ډیر ورسته پاتې دي او دښمن همیشه کوښښ کړی دی چه دغه خلک له علم څخه لرې وساتي  او اوسني دولت هم په دا دولس کاله کې د ولسوالۍ ته کومه خاصه پاملرنه نده کړې ,Pushto
இக்கோயில் முதன்மைத் திருக்கோயில் என்ற வகைப்பாட்டில் இந்து அறநிலையத்துறையின் கட்டுப்பாட்டில் உள்ளது பரம்பரை அல்லாத அறங்காவலர் அமைப்பால் நிர்வகிக்கப்படுகிறது,Tamil
haec commentatio automatice praeparata res astronomicas colligit excerptas e pagina [] sitús small-body database quem elaboraverunt nasa et jpl apud institutum technologiae californiense,Latin
klimatet i området är fuktigt och subtropiskt årsmedeltemperaturen i trakten är  °c den varmaste månaden är maj då medeltemperaturen är  °c och den kallaste är januari med  °c genomsnittlig årsnederbörd är   millimeter den regnigaste månaden är augusti med i genomsnitt  mm nederbörd och den torraste är november med  mm nederbörd,Swedish
"bisby fa roskov yr orrell tm nicolson d paglinawan le bailly n kirk pm bourgoin t baillargeon g ouvrard d red  ""species   itis catalogue of life  annual checklist"" species  reading uk diakses pada  september ",Indonesian
stephen midgley peter stevens ben richardson paul gioia  nicholas lander worldwidewattle - webseite über die akazien mit einem schwerpunkt auf die australischen arten,Portugese
haec commentatio automatice praeparata res astronomicas colligit excerptas e pagina [] sitús small-body database quem elaboraverunt nasa et jpl apud institutum technologiae californiense,Latin
இக்கோயில் முதன்மைத் திருக்கோயில் என்ற வகைப்பாட்டில் இந்து அறநிலையத்துறையின் கட்டுப்பாட்டில் உள்ளது பரம்பரை அல்லாத அறங்காவலர் அமைப்பால் நிர்வகிக்கப்படுகிறது,Tamil
haec commentatio automatice praeparata res astronomicas colligit excerptas e pagina [] sitús small-body database quem elaboraverunt nasa et jpl apud institutum technologiae californiense,Latin
haec commentatio automatice praeparata res astronomicas colligit excerptas e pagina [] sitús small-body database quem elaboraverunt nasa et jpl apud institutum technologiae californiense,Latin
haec commentatio automatice praeparata res astronomicas colligit excerptas e pagina [] sitús small-body database quem elaboraverunt nasa et jpl apud institutum technologiae californiense,Latin
د ځنگلونو د میوو تر څنگ د گیانې په ولسوالي کې مڼې  مندتې زردالو شفتالو  بادام  الوچې چارمغز  توت او انگور هم پیدا کیږي د گیانخیلو قوم یو پښتون غیرتي او میلماپاله قوم دی ولې بدبختانه د معارف په برخه کې ډیر ورسته پاتې دي او دښمن همیشه کوښښ کړی دی چه دغه خلک له علم څخه لرې وساتي  او اوسني دولت هم په دا دولس کاله کې د ولسوالۍ ته کومه خاصه پاملرنه نده کړې ,Pushto
இக்கோயில் முதன்மைத் திருக்கோயில் என்ற வகைப்பாட்டில் இந்து அறநிலையத்துறையின் கட்டுப்பாட்டில் உள்ளது பரம்பரை அல்லாத அறங்காவலர் அமைப்பால் நிர்வகிக்கப்படுகிறது,Tamil
bij de volkstelling in  werd het aantal inwoners vastgesteld op  in  is het aantal inwoners door het united states census bureau geschat op  een stijging van  ,Dutch
كباقي كويكبات معسكر الإغريق يقع مداره في النقطة l من نقاط لاغرانج وفق نظام الشمس - المشتري يبلغ القدر المطلق لهذا الكويكب  ونصف المحور الرئيسي لمداره  وحدة فلكية وقد تم رصده  مرة حتى شباطفبراير  الإشارة المرجعية له وفق الملحق الدوري لمدارات الكويكبات هي mpo‏,Arabic
haec commentatio automatice praeparata res astronomicas colligit excerptas e pagina [] sitús small-body database quem elaboraverunt nasa et jpl apud institutum technologiae californiense,Latin
خواص - نسبتا اسيدي خواص لري په اوبو کى منحل دي داسيدو په مقابل کى مقاومت لري نو همداوجه دي چه دخولى دلارى استعماليږي  pharmacodynamic - فارمکوديناميک ئي دپنسلين په شان دي  pharmacokenitic - دخولى دلارى تطبيق که څه هم نظر حيوان ته فرق کوي خوجذب ئي مکمل او دوه ساعته وروسته خپل غلظت اعظمى حدته رسوي  که دتطبيق اندازه دوچنده ته ورسيږي نو په وينه کى به ئي هم غلظت دوچنده شى په صحرائى موږکانو کى دکلمو په لومړي برخه کى جذب کيږي دجذب څخه وروسته دبدن ټولو برخو ته جذبيږي ځکه پښتورګو کى غلظت نسبتا لوړ خوشوکى نخاع ته په کمه اندازه سره توزيع کيږي  ميتابوليزم ئي نه ترسره کيږي  او په فعال شکل سره دبدن څخه وځى غلظت ئي په صفراکى دوينى په پرتله  چنده لوړ دي  نوهمداوجه دي چه دهمدي لادي په انفکشنونو کى کار کله تري اخلى  ددي ترڅنګ درحم او پلاسيتا ته ښه تيريږي  اطراح ئي دپښتورګو او صفرادلاري ترسره کيږي دتطپيق څخه وروسته - ساعته په دوران کى دصفرا دلارى ښکاره کيږي  دتاثير ساحه - په ګرام مثبتو او منفى دواړو باکترياوو تاثير لري چه پدي اساس دالاندي باکترياوي ورسره حساس شميرل کيږي  streptococcus  staphylococcus  coryno bacterium fucalis  ecoli  fusi fumis  kati bacilla  pratus  pastrolla  clostridium  shagilla  salmonella  brocella اوهغه باکترياوي چه pencilliase توليدوي لکه stap,Pushto
klimatet i området är fuktigt och subtropiskt årsmedeltemperaturen i trakten är  °c den varmaste månaden är maj då medeltemperaturen är  °c och den kallaste är januari med  °c genomsnittlig årsnederbörd är   millimeter den regnigaste månaden är augusti med i genomsnitt  mm nederbörd och den torraste är november med  mm nederbörd,Swedish
- tetracyclines - pencillines cltetracycline ampicillne oxy tetracycline amoxacilline tetracycline adi cilline rali tetracycline heta cilline doxy tetracycline carbinicilline mino cycline epicilline de miclo cycline naf cilline lyme cycline oxa cilline uomo cycline - chloramphenicol meta cycline - gentamycine di methylin - kanamycine chlor tetracycline - cycloserine,Pushto
moyle p y j cech fishes an introduction to ichthyology a edición upper saddle river nueva jersey estados unidos prentice-hall año ,Spanish
kebanyakan anggota spesies ini bertelur dalam jaringan tanaman tempat larva menemukan makanan pertamanya setelah lahir lalat dewasa biasanya berumur sangat pendek beberapa hidup selama kurang dari seminggu,Indonesian
larva kumbang dalam genus ini biasanya mengebor ke dalam kayu dan dapat menyebabkan kerusakan pada batang kayu hidup atau kayu yang telah ditebang,Indonesian
segundo o censo norte-americano de  a sua população era de  habitantes em  foi estimada uma população de  um decréscimo de  -,Portugese
இக்கோயில் முதன்மைத் திருக்கோயில் என்ற வகைப்பாட்டில் இந்து அறநிலையத்துறையின் கட்டுப்பாட்டில் உள்ளது பரம்பரை அல்லாத அறங்காவலர் அமைப்பால் நிர்வகிக்கப்படுகிறது,Tamil
seperti asteroid pada umumnya asteroid ini terbentuk dari nebula matahari primordial sebagai pecahan planetisimal sesuatu di nebula matahari muda yang tidak cukup besar untuk berubah menjadi planet,Indonesian
lévolution du nombre dhabitants est connue à travers les recensements de la population effectués dans la commune depuis  à partir de  les populations légales des communes sont publiées annuellement par linsee le recensement repose désormais sur une collecte dinformation annuelle concernant successivement tous les territoires communaux au cours dune période de cinq ans pour les communes de moins de   habitants une enquête de recensement portant sur toute la population est réalisée tous les cinq ans les populations légales des années intermédiaires étant quant à elles estimées par interpolation ou extrapolation pour la commune le premier recensement exhaustif entrant dans le cadre du nouveau dispositif a été réalisé en ,French
haec commentatio automatice praeparata res astronomicas colligit excerptas e pagina [] sitús small-body database quem elaboraverunt nasa et jpl apud institutum technologiae californiense,Latin
les matchs se déroulent sur le terrain du premier club cité en cas de match nul les deux équipes sont départagées au nombre de coups de pied de coin obtenus puis par tirage au sort à la pièce jetée,French
تاثيرات ئي پنسلينونه ورته دي داسيدو په مقابل کى مقاوم دي او دخولى دلاري ښه جذبيږي په خالى ګيډه په خاصه توګه غوښه خوړونکو حيواناتو ته ورکول جذب ئي بهتره دي  دacred او دهغه دهمکارانو په واسطه چه کومه تجربه په موږکانو باندي په کال  کى ترسره شوي وو ښکاره کوي چه amoxacilline نسبت ampicilline ته په ګرام منفى باسيلونو باندي زيات تاثير لري  ampiclox - دغه دوا په شيدوخوړونکو حيواناتو کى دecoli په انتاناتو کى ترينه استفاده کيږي او همدارنګه mg ampicilline او mg cloxacilline په مخلوطى شکل دنباتى تيلو سره يوځاي او شيدوخوړونکو حيواناتو دتيونو په التهاباتو کى ترينه استفاده کوي ,Pushto
seperti asteroid secara keseluruhan asteroid ini terbentuk dari nebula matahari primordial sebagai pecahan planetisimal sesuatu di nebula matahari muda yang tidak cukup besar untuk berubah menjadi planet,Indonesian
inlandsklimat råder i trakten årsmedeltemperaturen i trakten är  °c den varmaste månaden är augusti då medeltemperaturen är  °c och den kallaste är februari med - °c,Swedish
இக்கோயில் முதன்மைத் திருக்கோயில் என்ற வகைப்பாட்டில் இந்து அறநிலையத்துறையின் கட்டுப்பாட்டில் உள்ளது பரம்பரை அல்லாத அறங்காவலர் அமைப்பால் நிர்வகிக்கப்படுகிறது,Tamil
seperti asteroid secara keseluruhan asteroid ini terbentuk dari nebula matahari primordial sebagai pecahan planetisimal sesuatu di nebula matahari muda yang tidak cukup besar untuk berubah menjadi planet,Indonesian
"bisby fa roskov yr orrell tm nicolson d paglinawan le bailly n kirk pm bourgoin t baillargeon g ouvrard d red  ""species   itis catalogue of life  annual checklist"" species  reading uk diakses pada  september ",Indonesian
haec commentatio automatice praeparata res astronomicas colligit excerptas e pagina [] sitús small-body database quem elaboraverunt nasa et jpl apud institutum technologiae californiense,Latin
"bisby fa roskov yr orrell tm nicolson d paglinawan le bailly n kirk pm bourgoin t baillargeon g ouvrard d red  ""species   itis catalogue of life  annual checklist"" species  reading uk diakses pada  september ",Indonesian
"இவ்வூர் கடல்மட்டத்தில் இருந்து சராசரியாக  மீட்டர் உயரத்தில் இருக்கிறது இவ்வூரின் அமைவிடம் °""n °""eஆகும் இங்கு  குடும்பங்களும்  மக்களும் வசிக்கின்றனர் இதில்  ஆண்களும்  பெண்களும் அடங்குவர்",Tamil
lévolution du nombre dhabitants est connue à travers les recensements de la population effectués dans la commune depuis  à partir de  les populations légales des communes sont publiées annuellement par linsee le recensement repose désormais sur une collecte dinformation annuelle concernant successivement tous les territoires communaux au cours dune période de cinq ans pour les communes de moins de   habitants une enquête de recensement portant sur toute la population est réalisée tous les cinq ans les populations légales des années intermédiaires étant quant à elles estimées par interpolation ou extrapolation pour la commune le premier recensement exhaustif entrant dans le cadre du nouveau dispositif a été réalisé en ,French
haec commentatio automatice praeparata res astronomicas colligit excerptas e pagina [] sitús small-body database quem elaboraverunt nasa et jpl apud institutum technologiae californiense,Latin
les matchs se déroulent sur le terrain du premier club cité en cas de match nul les deux équipes sont départagées au nombre de coups de pied de coin obtenus puis par tirage au sort à la pièce jetée,French
stephen midgley peter stevens ben richardson paul gioia  nicholas lander worldwidewattle - webseite über die akazien mit einem schwerpunkt auf die australischen arten,Portugese
haec commentatio automatice praeparata res astronomicas colligit excerptas e pagina [] sitús small-body database quem elaboraverunt nasa et jpl apud institutum technologiae californiense,Latin
haec commentatio automatice praeparata res astronomicas colligit excerptas e pagina [] sitús small-body database quem elaboraverunt nasa et jpl apud institutum technologiae californiense,Latin
kustklimat råder i trakten årsmedeltemperaturen i trakten är  °c den varmaste månaden är juli då medeltemperaturen är  °c och den kallaste är januari med  °c,Swedish
lévolution du nombre dhabitants est connue à travers les recensements de la population effectués dans la commune depuis  à partir de  les populations légales des communes sont publiées annuellement par linsee le recensement repose désormais sur une collecte dinformation annuelle concernant successivement tous les territoires communaux au cours dune période de cinq ans pour les communes de moins de   habitants une enquête de recensement portant sur toute la population est réalisée tous les cinq ans les populations légales des années intermédiaires étant quant à elles estimées par interpolation ou extrapolation pour la commune le premier recensement exhaustif entrant dans le cadre du nouveau dispositif a été réalisé en ,French
இக்கோயில் முதன்மைத் திருக்கோயில் என்ற வகைப்பாட்டில் இந்து அறநிலையத்துறையின் கட்டுப்பாட்டில் உள்ளது பரம்பரை அல்லாத அறங்காவலர் அமைப்பால் நிர்வகிக்கப்படுகிறது,Tamil
haec commentatio automatice praeparata res astronomicas colligit excerptas e pagina [] sitús small-body database quem elaboraverunt nasa et jpl apud institutum technologiae californiense,Latin
haec commentatio automatice praeparata res astronomicas colligit excerptas e pagina [] sitús small-body database quem elaboraverunt nasa et jpl apud institutum technologiae californiense,Latin
haec commentatio automatice praeparata res astronomicas colligit excerptas e pagina [] sitús small-body database quem elaboraverunt nasa et jpl apud institutum technologiae californiense,Latin
haec commentatio automatice praeparata res astronomicas colligit excerptas e pagina [] sitús small-body database quem elaboraverunt nasa et jpl apud institutum technologiae californiense,Latin
lévolution du nombre dhabitants est connue à travers les recensements de la population effectués dans la commune depuis  à partir de  les populations légales des communes sont publiées annuellement par linsee le recensement repose désormais sur une collecte dinformation annuelle concernant successivement tous les territoires communaux au cours dune période de cinq ans pour les communes de moins de   habitants une enquête de recensement portant sur toute la population est réalisée tous les cinq ans les populations légales des années intermédiaires étant quant à elles estimées par interpolation ou extrapolation pour la commune le premier recensement exhaustif entrant dans le cadre du nouveau dispositif a été réalisé en ,French
kustklimat råder i trakten årsmedeltemperaturen i trakten är  °c den varmaste månaden är juli då medeltemperaturen är  °c och den kallaste är januari med  °c,Swedish
يعمل الإنترنت بشكل جزئي وذلك بسبب البروتوكولات التي تتحكم بنطاق أجهزة الكمبيوتر والموجهات المستخدمة للتواصل مع بعضها البعض و ان طبيعة شبكة الاتصالات تفسح المجال إلى نهج الطبقات التي تعد بروتوكولات فردية في كومة من البروتوكولات أكثر أو أقل استقلالا من بروتوكولات أخرى وهذا يسمح لبروتوكولات المستوى الأدنى ان تخصص لظروف قد تطرأ على الشبكة عندما لا تتغير عملية البروتوكولات ذات المستوى العالي في الشبكة ان من الأمثلة العملية المفسرة لم يعد ما سبق ذو اهمية و ذلك لأنه يسمح لمتصفح الإنترنت بتشغيل تعليمات البرمجية ذاتها ,Arabic
ett kallt stäppklimat råder i trakten årsmedeltemperaturen i trakten är  °c den varmaste månaden är juli då medeltemperaturen är  °c och den kallaste är december med  °c genomsnittlig årsnederbörd är  millimeter den regnigaste månaden är november med i genomsnitt  mm nederbörd och den torraste är juli med  mm nederbörd,Swedish
seperti asteroid pada umumnya asteroid ini terbentuk dari nebula matahari primordial sebagai pecahan planetisimal sesuatu di nebula matahari muda yang tidak cukup besar untuk berubah menjadi planet,Indonesian
"bisby fa roskov yr orrell tm nicolson d paglinawan le bailly n kirk pm bourgoin t baillargeon g ouvrard d red  ""species   itis catalogue of life  annual checklist"" species  reading uk diakses pada  september ",Indonesian
haec commentatio automatice praeparata res astronomicas colligit excerptas e pagina [] sitús small-body database quem elaboraverunt nasa et jpl apud institutum technologiae californiense,Latin
haec commentatio automatice praeparata res astronomicas colligit excerptas e pagina [] sitús small-body database quem elaboraverunt nasa et jpl apud institutum technologiae californiense,Latin
segundo o censo americano de  a sua população era de  habitantes em  foi estimada uma população de  um decréscimo de  -,Portugese
يعمل الإنترنت بشكل جزئي وذلك بسبب البروتوكولات التي تتحكم بنطاق أجهزة الكمبيوتر والموجهات المستخدمة للتواصل مع بعضها البعض و ان طبيعة شبكة الاتصالات تفسح المجال إلى نهج الطبقات التي تعد بروتوكولات فردية في كومة من البروتوكولات أكثر أو أقل استقلالا من بروتوكولات أخرى وهذا يسمح لبروتوكولات المستوى الأدنى ان تخصص لظروف قد تطرأ على الشبكة عندما لا تتغير عملية البروتوكولات ذات المستوى العالي في الشبكة ان من الأمثلة العملية المفسرة لم يعد ما سبق ذو اهمية و ذلك لأنه يسمح لمتصفح الإنترنت بتشغيل تعليمات البرمجية ذاتها ,Arabic
seperti asteroid secara keseluruhan asteroid ini terbentuk dari nebula matahari primordial sebagai pecahan planetisimal sesuatu di nebula matahari muda yang tidak cukup besar untuk berubah menjadi planet,Indonesian
complete translation on-line into english of all  upaniṣad-s [not only the  or so major ones to which the foregoing links are meagerly restricted]-- lacking however diacritical marks,Hindi
haec commentatio automatice praeparata res astronomicas colligit excerptas e pagina [] sitús small-body database quem elaboraverunt nasa et jpl apud institutum technologiae californiense,Latin
இக்கோயில் முதன்மைத் திருக்கோயில் என்ற வகைப்பாட்டில் இந்து அறநிலையத்துறையின் கட்டுப்பாட்டில் உள்ளது பரம்பரை அல்லாத அறங்காவலர் அமைப்பால் நிர்வகிக்கப்படுகிறது,Tamil
haec commentatio automatice praeparata res astronomicas colligit excerptas e pagina [] sitús small-body database quem elaboraverunt nasa et jpl apud institutum technologiae californiense,Latin
seperti asteroid secara keseluruhan asteroid ini terbentuk dari nebula matahari primordial sebagai pecahan planetisimal sesuatu di nebula matahari muda yang tidak cukup besar untuk berubah menjadi planet,Indonesian
كباقي كويكبات معسكر الإغريق يقع مداره في النقطة l من نقاط لاغرانج وفق نظام الشمس - المشتري يبلغ القدر المطلق لهذا الكويكب  ونصف المحور الرئيسي لمداره  وحدة فلكية وقد تم رصده  مرة حتى شباطفبراير  الإشارة المرجعية له وفق الملحق الدوري لمدارات الكويكبات هي mpo‏,Arabic
خواص - نسبتا اسيدي خواص لري په اوبو کى منحل دي داسيدو په مقابل کى مقاومت لري نو همداوجه دي چه دخولى دلارى استعماليږي  pharmacodynamic - فارمکوديناميک ئي دپنسلين په شان دي  pharmacokenitic - دخولى دلارى تطبيق که څه هم نظر حيوان ته فرق کوي خوجذب ئي مکمل او دوه ساعته وروسته خپل غلظت اعظمى حدته رسوي  که دتطبيق اندازه دوچنده ته ورسيږي نو په وينه کى به ئي هم غلظت دوچنده شى په صحرائى موږکانو کى دکلمو په لومړي برخه کى جذب کيږي دجذب څخه وروسته دبدن ټولو برخو ته جذبيږي ځکه پښتورګو کى غلظت نسبتا لوړ خوشوکى نخاع ته په کمه اندازه سره توزيع کيږي  ميتابوليزم ئي نه ترسره کيږي  او په فعال شکل سره دبدن څخه وځى غلظت ئي په صفراکى دوينى په پرتله  چنده لوړ دي  نوهمداوجه دي چه دهمدي لادي په انفکشنونو کى کار کله تري اخلى  ددي ترڅنګ درحم او پلاسيتا ته ښه تيريږي  اطراح ئي دپښتورګو او صفرادلاري ترسره کيږي دتطپيق څخه وروسته - ساعته په دوران کى دصفرا دلارى ښکاره کيږي  دتاثير ساحه - په ګرام مثبتو او منفى دواړو باکترياوو تاثير لري چه پدي اساس دالاندي باکترياوي ورسره حساس شميرل کيږي  streptococcus  staphylococcus  coryno bacterium fucalis  ecoli  fusi fumis  kati bacilla  pratus  pastrolla  clostridium  shagilla  salmonella  brocella اوهغه باکترياوي چه pencilliase توليدوي لکه stap,Pushto
"இவ்வூர் கடல்மட்டத்தில் இருந்து சராசரியாக  மீட்டர் உயரத்தில் இருக்கிறது இவ்வூரின் அமைவிடம் °""n °""eஆகும் இங்கு  குடும்பங்களும்  மக்களும் வசிக்கின்றனர் இதில்  ஆண்களும்  பெண்களும் அடங்குவர்",Tamil
haec commentatio automatice praeparata res astronomicas colligit excerptas e pagina [] sitús small-body database quem elaboraverunt nasa et jpl apud institutum technologiae californiense,Latin
